,0,1
1714948005,https://www.linkedin.com/jobs/view/1714948005/,0.17806854122095755
1739370852,https://www.linkedin.com/jobs/view/1739370852/,0.18635460117213204
1734476870,https://www.linkedin.com/jobs/view/1734476870/,0.264794687672473
1741778570,https://www.linkedin.com/jobs/view/1741778570/,0.30807359495110037
1743573323,https://www.linkedin.com/jobs/view/1743573323/,0.16664275601180567
1738790274,https://www.linkedin.com/jobs/view/1738790274/,0.2689850000868482
1735581477,https://www.linkedin.com/jobs/view/1735581477/,0.2377324854910645
1738972297,https://www.linkedin.com/jobs/view/1738972297/,0.11718592590125769
1752317814,https://www.linkedin.com/jobs/view/1752317814/,0.09365829389844034
1681151479,https://www.linkedin.com/jobs/view/1681151479/,0.20310058292827915
1737537847,https://www.linkedin.com/jobs/view/1737537847/,0.1183429487829464
1736238848,https://www.linkedin.com/jobs/view/1736238848/,0.3520657190656204
1710993235,https://www.linkedin.com/jobs/view/1710993235/,0.21876214519435513
1745145304,https://www.linkedin.com/jobs/view/1745145304/,0.3137735920071484
1746830334,https://www.linkedin.com/jobs/view/1746830334/,0.29447828618934624
1736414536,https://www.linkedin.com/jobs/view/1736414536/,0.23492116213702094
1748666215,https://www.linkedin.com/jobs/view/1748666215/,0.10979109094937767
1752822402,https://www.linkedin.com/jobs/view/1752822402/,0.20078307204111814
1753947474,https://www.linkedin.com/jobs/view/1753947474/,0.23044248291041058
1736417762,https://www.linkedin.com/jobs/view/1736417762/,0.19150640354860474
1738580453,https://www.linkedin.com/jobs/view/1738580453/,0.2748336584286686
1738544291,https://www.linkedin.com/jobs/view/1738544291/,0.17791153167920337
1755785363,https://www.linkedin.com/jobs/view/1755785363/,0.12246331670697486
1732430501,https://www.linkedin.com/jobs/view/1732430501/,0.16195946511240567
1738634699,https://www.linkedin.com/jobs/view/1738634699/,0.3403128751750488
1749949749,https://www.linkedin.com/jobs/view/1749949749/,0.13733782635407363
1738535436,https://www.linkedin.com/jobs/view/1738535436/,0.16267780987756242
1738519299,https://www.linkedin.com/jobs/view/1738519299/,0.23216031344103086
1737882580,https://www.linkedin.com/jobs/view/1737882580/,0.1746706846881533
1733619580,https://www.linkedin.com/jobs/view/1733619580/,0.14260096753705367
1728162429,https://www.linkedin.com/jobs/view/1728162429/,0.13760632717334054
1732481321,https://www.linkedin.com/jobs/view/1732481321/,0.1730272056940469
1607505924,https://www.linkedin.com/jobs/view/1607505924/,0.2673373828615622
1738501779,https://www.linkedin.com/jobs/view/1738501779/,0.23357978989124034
1738071810,https://www.linkedin.com/jobs/view/1738071810/,0.18672321919563803
1738553258,https://www.linkedin.com/jobs/view/1738553258/,0.2961263017394148
1707134321,https://www.linkedin.com/jobs/view/1707134321/,0.1877927144788838
1732493435,https://www.linkedin.com/jobs/view/1732493435/,0.2370366156169154
1707135119,https://www.linkedin.com/jobs/view/1707135119/,0.23876882672807379
1733631406,https://www.linkedin.com/jobs/view/1733631406/,0.16749516413754958
1738677645,https://www.linkedin.com/jobs/view/1738677645/,0.32259057271368546
1732196300,https://www.linkedin.com/jobs/view/1732196300/,0.196769277917248
1732493308,https://www.linkedin.com/jobs/view/1732493308/,0.2480273821101113
1677942104,https://www.linkedin.com/jobs/view/1677942104/,0.02832178044222895
1725896429,https://www.linkedin.com/jobs/view/1725896429/,0.1898642622719231
1738586153,https://www.linkedin.com/jobs/view/1738586153/,0.24023620845254395
1733645294,https://www.linkedin.com/jobs/view/1733645294/,0.16615395795746268
1726324784,https://www.linkedin.com/jobs/view/1726324784/,0.17485366093224214
1738276321,https://www.linkedin.com/jobs/view/1738276321/,0.19716115949040908
1733618533,https://www.linkedin.com/jobs/view/1733618533/,0.14781709189721504
1726226723,https://www.linkedin.com/jobs/view/1726226723/,0.12317503560479383
1738649478,https://www.linkedin.com/jobs/view/1738649478/,0.1719461158527436
1738697416,https://www.linkedin.com/jobs/view/1738697416/,0.2785440122408509
1738190814,https://www.linkedin.com/jobs/view/1738190814/,0.3185415158687739
1738638082,https://www.linkedin.com/jobs/view/1738638082/,0.0665920428283676
1672411897,https://www.linkedin.com/jobs/view/1672411897/,0.23806989424446756
1738511857,https://www.linkedin.com/jobs/view/1738511857/,0.12745850467265823
1683020023,https://www.linkedin.com/jobs/view/1683020023/,0.0470810795179326
1738660719,https://www.linkedin.com/jobs/view/1738660719/,0.30285760709912174
1738068718,https://www.linkedin.com/jobs/view/1738068718/,0.15089770178338272
1733632407,https://www.linkedin.com/jobs/view/1733632407/,0.29130107469930666
1736800875,https://www.linkedin.com/jobs/view/1736800875/,0.12651728853498925
1721227338,https://www.linkedin.com/jobs/view/1721227338/,0.13499846680522606
1738600276,https://www.linkedin.com/jobs/view/1738600276/,0.3374992317776106
1738558349,https://www.linkedin.com/jobs/view/1738558349/,0.22710431262788439
1727645449,https://www.linkedin.com/jobs/view/1727645449/,0.12039904563450199
1719188826,https://www.linkedin.com/jobs/view/1719188826/,0.16181471710812964
1738190485,https://www.linkedin.com/jobs/view/1738190485/,0.1616982614130763
1722196952,https://www.linkedin.com/jobs/view/1722196952/,0.09668355246403969
1737823063,https://www.linkedin.com/jobs/view/1737823063/,0.16370799984005846
1726903573,https://www.linkedin.com/jobs/view/1726903573/,0.07079881123733815
1729777172,https://www.linkedin.com/jobs/view/1729777172/,0.18735926584836587
1738557398,https://www.linkedin.com/jobs/view/1738557398/,0.3086033638580568
1722347307,https://www.linkedin.com/jobs/view/1722347307/,0.12086356641827163
1721728457,https://www.linkedin.com/jobs/view/1721728457/,0.27558060447119676
1728682743,https://www.linkedin.com/jobs/view/1728682743/,0.16242955207742166
1738205770,https://www.linkedin.com/jobs/view/1738205770/,0.1897001562285311
1707174886,https://www.linkedin.com/jobs/view/1707174886/,0.18294518605533128
1582323226,https://www.linkedin.com/jobs/view/1582323226/,0.18216336906421776
1738184054,https://www.linkedin.com/jobs/view/1738184054/,0.2014118129316644
1734156805,https://www.linkedin.com/jobs/view/1734156805/,0.12470651372296965
1710734640,https://www.linkedin.com/jobs/view/1710734640/,0.13353070557713378
1651021711,https://www.linkedin.com/jobs/view/1651021711/,0.2307932777117866
1738272372,https://www.linkedin.com/jobs/view/1738272372/,0.2756646366428249
1693681517,https://www.linkedin.com/jobs/view/1693681517/,0.12116754560765731
1738226276,https://www.linkedin.com/jobs/view/1738226276/,0.2548474201466847
1737884842,https://www.linkedin.com/jobs/view/1737884842/,0.11610120665956786
1714288564,https://www.linkedin.com/jobs/view/1714288564/,0.12333285556545523
1674322035,https://www.linkedin.com/jobs/view/1674322035/,0.2959790464497622
1724181033,https://www.linkedin.com/jobs/view/1724181033/,0.12808781551916648
1612267171,https://www.linkedin.com/jobs/view/1612267171/,0.28997404570043334
1722708865,https://www.linkedin.com/jobs/view/1722708865/,0.1743685132111144
1733795330,https://www.linkedin.com/jobs/view/1733795330/,0.3069585307372416
1696077823,https://www.linkedin.com/jobs/view/1696077823/,0.10509861772356734
1728178134,https://www.linkedin.com/jobs/view/1728178134/,0.1367795756533487
1738616362,https://www.linkedin.com/jobs/view/1738616362/,0.18488160001390747
1734294350,https://www.linkedin.com/jobs/view/1734294350/,0.16015136985344067
1736959354,https://www.linkedin.com/jobs/view/1736959354/,0.08490339667184167
1700583880,https://www.linkedin.com/jobs/view/1700583880/,0.30543436376907995
1707157951,https://www.linkedin.com/jobs/view/1707157951/,0.14183075560319197
1679749094,https://www.linkedin.com/jobs/view/1679749094/,0.22731301146811445
1491625280,https://www.linkedin.com/jobs/view/1491625280/,0.252894473020408
1697725281,https://www.linkedin.com/jobs/view/1697725281/,0.30020422022514864
1727117519,https://www.linkedin.com/jobs/view/1727117519/,0.14644426741401725
1713711953,https://www.linkedin.com/jobs/view/1713711953/,0.18930021178976483
1642461901,https://www.linkedin.com/jobs/view/1642461901/,0.13648898174964536
1733179718,https://www.linkedin.com/jobs/view/1733179718/,0.19029274186667947
1644997473,https://www.linkedin.com/jobs/view/1644997473/,0.09741297323185348
1738766770,https://www.linkedin.com/jobs/view/1738766770/,0.20481004164082584
1735984441,https://www.linkedin.com/jobs/view/1735984441/,0.09103252498480234
1738464802,https://www.linkedin.com/jobs/view/1738464802/,0.10176406480946086
1720418237,https://www.linkedin.com/jobs/view/1720418237/,0.25816487740907623
1670024014,https://www.linkedin.com/jobs/view/1670024014/,0.18536432563991936
1699830209,https://www.linkedin.com/jobs/view/1699830209/,0.3429028078700587
1715089536,https://www.linkedin.com/jobs/view/1715089536/,0.1706158810359633
1702066035,https://www.linkedin.com/jobs/view/1702066035/,0.3030751054585024
1729275891,https://www.linkedin.com/jobs/view/1729275891/,0.19819977718660708
1737217422,https://www.linkedin.com/jobs/view/1737217422/,0.28659593580557446
1719191089,https://www.linkedin.com/jobs/view/1719191089/,0.23418111264830166
1697758867,https://www.linkedin.com/jobs/view/1697758867/,0.19253027455233804
1690173470,https://www.linkedin.com/jobs/view/1690173470/,0.18686111706052855
1692624956,https://www.linkedin.com/jobs/view/1692624956/,0.3328945087878105
1683569543,https://www.linkedin.com/jobs/view/1683569543/,0.2435147680466475
1655879749,https://www.linkedin.com/jobs/view/1655879749/,0.33080552819744924
1728035170,https://www.linkedin.com/jobs/view/1728035170/,0.08245879826537322
1726089093,https://www.linkedin.com/jobs/view/1726089093/,0.13149743960330434
1719166620,https://www.linkedin.com/jobs/view/1719166620/,0.22770182782389783
1717225989,https://www.linkedin.com/jobs/view/1717225989/,0.2933691195428615
1728688028,https://www.linkedin.com/jobs/view/1728688028/,0.2309431311218713
1739159027,https://www.linkedin.com/jobs/view/1739159027/,0.17026451855889593
1733630764,https://www.linkedin.com/jobs/view/1733630764/,0.16262851838379416
1707176924,https://www.linkedin.com/jobs/view/1707176924/,0.14068118772454816
1733676687,https://www.linkedin.com/jobs/view/1733676687/,0.2453600801979866
1738782547,https://www.linkedin.com/jobs/view/1738782547/,0.198257462319027
1738780173,https://www.linkedin.com/jobs/view/1738780173/,0.3076248996004245
1738791392,https://www.linkedin.com/jobs/view/1738791392/,0.18964553610614074
1738786801,https://www.linkedin.com/jobs/view/1738786801/,0.3221307009519467
1730812653,https://www.linkedin.com/jobs/view/1730812653/,0.2329654435653962
1738776302,https://www.linkedin.com/jobs/view/1738776302/,0.1143144463972639
1732493673,https://www.linkedin.com/jobs/view/1732493673/,0.20563895797424733
1738782927,https://www.linkedin.com/jobs/view/1738782927/,0.11628696608492782
1704697515,https://www.linkedin.com/jobs/view/1704697515/,0.2783353496695917
1707126100,https://www.linkedin.com/jobs/view/1707126100/,0.2367427733260986
1726425959,https://www.linkedin.com/jobs/view/1726425959/,0.3133493215914644
1738576118,https://www.linkedin.com/jobs/view/1738576118/,0.09815987829571357
1733605729,https://www.linkedin.com/jobs/view/1733605729/,0.27455944622457823
1737888738,https://www.linkedin.com/jobs/view/1737888738/,0.29344632586515723
1738049780,https://www.linkedin.com/jobs/view/1738049780/,0.2068014984307193
1729251900,https://www.linkedin.com/jobs/view/1729251900/,0.16978149579579827
1733128880,https://www.linkedin.com/jobs/view/1733128880/,0.24913037843670713
1737794632,https://www.linkedin.com/jobs/view/1737794632/,0.16992714282793356
1736066328,https://www.linkedin.com/jobs/view/1736066328/,0.18001293751702713
1726905487,https://www.linkedin.com/jobs/view/1726905487/,0.2262726423044809
1720515315,https://www.linkedin.com/jobs/view/1720515315/,0.22298442362301557
1738179516,https://www.linkedin.com/jobs/view/1738179516/,0.21464448837537728
1734115686,https://www.linkedin.com/jobs/view/1734115686/,0.23836251573095493
1704373051,https://www.linkedin.com/jobs/view/1704373051/,0.26715463503298054
1737713869,https://www.linkedin.com/jobs/view/1737713869/,0.3072826917230954
1670575895,https://www.linkedin.com/jobs/view/1670575895/,0.2273621944776926
1707167435,https://www.linkedin.com/jobs/view/1707167435/,0.27220323765070253
1686163947,https://www.linkedin.com/jobs/view/1686163947/,0.29011236389894
1729701504,https://www.linkedin.com/jobs/view/1729701504/,0.114148621304649
1733645961,https://www.linkedin.com/jobs/view/1733645961/,0.20982634644084872
1714901431,https://www.linkedin.com/jobs/view/1714901431/,0.3159834849285661
1732484111,https://www.linkedin.com/jobs/view/1732484111/,0.301099233891214
1725646680,https://www.linkedin.com/jobs/view/1725646680/,0.28855641159992873
1733154519,https://www.linkedin.com/jobs/view/1733154519/,0.24709250268401997
1694207009,https://www.linkedin.com/jobs/view/1694207009/,0.22782887062306617
1697881465,https://www.linkedin.com/jobs/view/1697881465/,0.224349215373832
1737591046,https://www.linkedin.com/jobs/view/1737591046/,0.23956827959481705
1682437636,https://www.linkedin.com/jobs/view/1682437636/,0.060337560015149796
1707175363,https://www.linkedin.com/jobs/view/1707175363/,0.26531189743294165
1667349471,https://www.linkedin.com/jobs/view/1667349471/,0.11661732648597269
1701479286,https://www.linkedin.com/jobs/view/1701479286/,0.17880314928131405
1738791963,https://www.linkedin.com/jobs/view/1738791963/,0.25382635886690375
1707178331,https://www.linkedin.com/jobs/view/1707178331/,0.17513067283722117
1700240301,https://www.linkedin.com/jobs/view/1700240301/,0.23781623831151394
1722383463,https://www.linkedin.com/jobs/view/1722383463/,0.2631026717267321
1738487340,https://www.linkedin.com/jobs/view/1738487340/,0.17600058722901554
1687824113,https://www.linkedin.com/jobs/view/1687824113/,0.21660961862081188
1723809788,https://www.linkedin.com/jobs/view/1723809788/,0.1855662570151981
1732766050,https://www.linkedin.com/jobs/view/1732766050/,0.19707067582283488
1724553292,https://www.linkedin.com/jobs/view/1724553292/,0.10359564370568364
1722690893,https://www.linkedin.com/jobs/view/1722690893/,0.30047387701372946
1738204881,https://www.linkedin.com/jobs/view/1738204881/,0.32605144236414263
1707161336,https://www.linkedin.com/jobs/view/1707161336/,0.3023398132580112
1731144781,https://www.linkedin.com/jobs/view/1731144781/,0.18319474581179895
1616571934,https://www.linkedin.com/jobs/view/1616571934/,0.19508683576125574
1737729322,https://www.linkedin.com/jobs/view/1737729322/,0.22774875055008742
1738763836,https://www.linkedin.com/jobs/view/1738763836/,0.1980280885104603
1618019263,https://www.linkedin.com/jobs/view/1618019263/,0.30734685861332156
1680901112,https://www.linkedin.com/jobs/view/1680901112/,0.17293585656214064
1721846912,https://www.linkedin.com/jobs/view/1721846912/,0.23968900938388246
1693681435,https://www.linkedin.com/jobs/view/1693681435/,0.35742472114232476
1738577979,https://www.linkedin.com/jobs/view/1738577979/,0.15318848540743568
1737836307,https://www.linkedin.com/jobs/view/1737836307/,0.3309715248037733
1726022608,https://www.linkedin.com/jobs/view/1726022608/,0.1898642622719231
1738774382,https://www.linkedin.com/jobs/view/1738774382/,0.30803795351061486
1725026859,https://www.linkedin.com/jobs/view/1725026859/,0.15233529608716687
1439691538,https://www.linkedin.com/jobs/view/1439691538/,0.09861709916589666
1726088779,https://www.linkedin.com/jobs/view/1726088779/,0.2073154783546143
1737141909,https://www.linkedin.com/jobs/view/1737141909/,0.1731661432566438
1718945532,https://www.linkedin.com/jobs/view/1718945532/,0.2047451374794728
1737855222,https://www.linkedin.com/jobs/view/1737855222/,0.24483840933944123
1722712372,https://www.linkedin.com/jobs/view/1722712372/,0.18058981083878256
1738923416,https://www.linkedin.com/jobs/view/1738923416/,0.30488266694147736
1734075517,https://www.linkedin.com/jobs/view/1734075517/,0.20697991994111492
1729096710,https://www.linkedin.com/jobs/view/1729096710/,0.14318088853906882
1731731882,https://www.linkedin.com/jobs/view/1731731882/,0.19897716505350796
1737802843,https://www.linkedin.com/jobs/view/1737802843/,0.23875727151708512
1719684563,https://www.linkedin.com/jobs/view/1719684563/,0.12464825813708388
1720537701,https://www.linkedin.com/jobs/view/1720537701/,0.11976069621682597
1691809095,https://www.linkedin.com/jobs/view/1691809095/,0.1428880443651273
1648407146,https://www.linkedin.com/jobs/view/1648407146/,0.20990089102147705
1693258067,https://www.linkedin.com/jobs/view/1693258067/,0.3017842879312827
1594419977,https://www.linkedin.com/jobs/view/1594419977/,0.21178497968803828
1673245363,https://www.linkedin.com/jobs/view/1673245363/,0.30961314325909856
1735807316,https://www.linkedin.com/jobs/view/1735807316/,0.2258779089620158
1628484006,https://www.linkedin.com/jobs/view/1628484006/,0.1374992782999057
1687322636,https://www.linkedin.com/jobs/view/1687322636/,0.2891970510154614
1736022682,https://www.linkedin.com/jobs/view/1736022682/,0.22079334856580432
1735407624,https://www.linkedin.com/jobs/view/1735407624/,0.3064696427623094
1725609336,https://www.linkedin.com/jobs/view/1725609336/,0.3103943005511105
1705699065,https://www.linkedin.com/jobs/view/1705699065/,0.12007724940693393
1737665881,https://www.linkedin.com/jobs/view/1737665881/,0.3496611010219609
1726135901,https://www.linkedin.com/jobs/view/1726135901/,0.23838468881880412
1735984925,https://www.linkedin.com/jobs/view/1735984925/,0.3275165583431488
1724217128,https://www.linkedin.com/jobs/view/1724217128/,0.20508098294175583
1738646215,https://www.linkedin.com/jobs/view/1738646215/,0.1679692648544042
1711582352,https://www.linkedin.com/jobs/view/1711582352/,0.25488290571330524
1737520203,https://www.linkedin.com/jobs/view/1737520203/,0.33257481619684737
1737233619,https://www.linkedin.com/jobs/view/1737233619/,0.17939824117057473
762874691,https://www.linkedin.com/jobs/view/762874691/,0.08194909432981977
1699476354,https://www.linkedin.com/jobs/view/1699476354/,0.13364003538961672
1716891686,https://www.linkedin.com/jobs/view/1716891686/,0.13970531573272302
1730501150,https://www.linkedin.com/jobs/view/1730501150/,0.1532779642525414
1714812260,https://www.linkedin.com/jobs/view/1714812260/,0.32026921288322696
1728070223,https://www.linkedin.com/jobs/view/1728070223/,0.1653724740020669
1733665802,https://www.linkedin.com/jobs/view/1733665802/,0.24880273908362338
1728754438,https://www.linkedin.com/jobs/view/1728754438/,0.15589426968869702
1693625139,https://www.linkedin.com/jobs/view/1693625139/,0.26411444838616027
1696018953,https://www.linkedin.com/jobs/view/1696018953/,0.3249451290998367
1732423992,https://www.linkedin.com/jobs/view/1732423992/,0.377803720060414
1733808895,https://www.linkedin.com/jobs/view/1733808895/,0.22005907107632597
1737100712,https://www.linkedin.com/jobs/view/1737100712/,0.24478778504122597
1716587825,https://www.linkedin.com/jobs/view/1716587825/,0.2905818971363038
1710845029,https://www.linkedin.com/jobs/view/1710845029/,0.2619234560712834
1738781722,https://www.linkedin.com/jobs/view/1738781722/,0.30375778298728284
1684155292,https://www.linkedin.com/jobs/view/1684155292/,0.305536670976244
1731758825,https://www.linkedin.com/jobs/view/1731758825/,0.324020381282416
1634560779,https://www.linkedin.com/jobs/view/1634560779/,0.19101544489272287
1708724355,https://www.linkedin.com/jobs/view/1708724355/,0.3137735920071484
1704356453,https://www.linkedin.com/jobs/view/1704356453/,0.26899667184453674
1733838165,https://www.linkedin.com/jobs/view/1733838165/,0.22693993762265757
1667729688,https://www.linkedin.com/jobs/view/1667729688/,0.27213083616637673
1724124930,https://www.linkedin.com/jobs/view/1724124930/,0.32721764831641864
1738585555,https://www.linkedin.com/jobs/view/1738585555/,0.3532137156096585
1726528681,https://www.linkedin.com/jobs/view/1726528681/,0.18904479229111962
1738559597,https://www.linkedin.com/jobs/view/1738559597/,0.29518068745482756
1677179128,https://www.linkedin.com/jobs/view/1677179128/,0.3470702406621084
1693474741,https://www.linkedin.com/jobs/view/1693474741/,0.15903042791422722
1691808313,https://www.linkedin.com/jobs/view/1691808313/,0.1260354326577113
1623185363,https://www.linkedin.com/jobs/view/1623185363/,0.25088508787877506
1736791821,https://www.linkedin.com/jobs/view/1736791821/,0.2408005336928409
1736007766,https://www.linkedin.com/jobs/view/1736007766/,0.23965868883073654
1732483367,https://www.linkedin.com/jobs/view/1732483367/,0.3233610272583624
1701306644,https://www.linkedin.com/jobs/view/1701306644/,0.2303810821729938
1676544564,https://www.linkedin.com/jobs/view/1676544564/,0.2763153994800739
1707163126,https://www.linkedin.com/jobs/view/1707163126/,0.30814172171016196
1689841520,https://www.linkedin.com/jobs/view/1689841520/,0.2041038466571587
1707118723,https://www.linkedin.com/jobs/view/1707118723/,0.09963702671178552
1724977366,https://www.linkedin.com/jobs/view/1724977366/,0.26474317042115314
1737639913,https://www.linkedin.com/jobs/view/1737639913/,0.17270073743613448
1727606196,https://www.linkedin.com/jobs/view/1727606196/,0.18149265714887408
1706356209,https://www.linkedin.com/jobs/view/1706356209/,0.1922898481936167
1691781890,https://www.linkedin.com/jobs/view/1691781890/,0.1376808505469751
1722743284,https://www.linkedin.com/jobs/view/1722743284/,0.23392534158604106
1620889074,https://www.linkedin.com/jobs/view/1620889074/,0.23164123956724292
1721735063,https://www.linkedin.com/jobs/view/1721735063/,0.3551317651771523
1632864710,https://www.linkedin.com/jobs/view/1632864710/,0.30889023040585145
1727635913,https://www.linkedin.com/jobs/view/1727635913/,0.2659495987530705
1714082936,https://www.linkedin.com/jobs/view/1714082936/,0.20953907093198373
1738537123,https://www.linkedin.com/jobs/view/1738537123/,0.2997365960064967
1730387229,https://www.linkedin.com/jobs/view/1730387229/,0.13381192009619333
1737225185,https://www.linkedin.com/jobs/view/1737225185/,0.33717192491275627
1655826706,https://www.linkedin.com/jobs/view/1655826706/,0.07914974197624984
1693328630,https://www.linkedin.com/jobs/view/1693328630/,0.12406328869258304
1708226690,https://www.linkedin.com/jobs/view/1708226690/,0.10772082117140007
1727648860,https://www.linkedin.com/jobs/view/1727648860/,0.3786437340897658
1734218350,https://www.linkedin.com/jobs/view/1734218350/,0.28176396336599124
1714135018,https://www.linkedin.com/jobs/view/1714135018/,0.17627547418087094
1687988501,https://www.linkedin.com/jobs/view/1687988501/,0.3634091840244238
1724209641,https://www.linkedin.com/jobs/view/1724209641/,0.3803615657010108
1727495972,https://www.linkedin.com/jobs/view/1727495972/,0.318596727548957
1688729549,https://www.linkedin.com/jobs/view/1688729549/,0.31920490934298645
1690669185,https://www.linkedin.com/jobs/view/1690669185/,0.2382533698594644
1670816685,https://www.linkedin.com/jobs/view/1670816685/,0.24907579971098256
1733912268,https://www.linkedin.com/jobs/view/1733912268/,0.20244218651180296
1737325873,https://www.linkedin.com/jobs/view/1737325873/,0.17589942973222847
1614891706,https://www.linkedin.com/jobs/view/1614891706/,0.2285671340785404
1733913534,https://www.linkedin.com/jobs/view/1733913534/,0.09986813446502525
1690820888,https://www.linkedin.com/jobs/view/1690820888/,0.286867629833957
1737201426,https://www.linkedin.com/jobs/view/1737201426/,0.3403612833740301
1695808813,https://www.linkedin.com/jobs/view/1695808813/,0.2636967200067479
1704381784,https://www.linkedin.com/jobs/view/1704381784/,0.30489385978200195
1726315900,https://www.linkedin.com/jobs/view/1726315900/,0.1944333706046595
1723751518,https://www.linkedin.com/jobs/view/1723751518/,0.24899503953937516
1652098271,https://www.linkedin.com/jobs/view/1652098271/,0.29116017516872694
1685829818,https://www.linkedin.com/jobs/view/1685829818/,0.23726337515779555
1733197049,https://www.linkedin.com/jobs/view/1733197049/,0.1352406347069012
1730898412,https://www.linkedin.com/jobs/view/1730898412/,0.2265555178608391
1723066539,https://www.linkedin.com/jobs/view/1723066539/,0.24183419229258007
1680148591,https://www.linkedin.com/jobs/view/1680148591/,0.41024464526914073
1722118869,https://www.linkedin.com/jobs/view/1722118869/,0.24964052568849648
1690324033,https://www.linkedin.com/jobs/view/1690324033/,0.16715504439428686
1712531671,https://www.linkedin.com/jobs/view/1712531671/,0.1707904859270263
1719862208,https://www.linkedin.com/jobs/view/1719862208/,0.3648619799701854
1738787772,https://www.linkedin.com/jobs/view/1738787772/,0.25913864229867806
1733423524,https://www.linkedin.com/jobs/view/1733423524/,0.32159252571451113
1737246709,https://www.linkedin.com/jobs/view/1737246709/,0.0102998008079159
1725833555,https://www.linkedin.com/jobs/view/1725833555/,0.22144661118491807
1532922807,https://www.linkedin.com/jobs/view/1532922807/,0.22658543649464088
1700604726,https://www.linkedin.com/jobs/view/1700604726/,0.15399577807344217
1548111021,https://www.linkedin.com/jobs/view/1548111021/,0.3197175259209386
1497303367,https://www.linkedin.com/jobs/view/1497303367/,0.22515152324662033
1674044134,https://www.linkedin.com/jobs/view/1674044134/,0.1858783423039641
1677680907,https://www.linkedin.com/jobs/view/1677680907/,0.30888892345195645
1684014727,https://www.linkedin.com/jobs/view/1684014727/,0.3034808356795529
1484097537,https://www.linkedin.com/jobs/view/1484097537/,0.3653043716717412
1670095772,https://www.linkedin.com/jobs/view/1670095772/,0.24286786546685357
1733665827,https://www.linkedin.com/jobs/view/1733665827/,0.3152826716630951
1719118827,https://www.linkedin.com/jobs/view/1719118827/,0.2073154783546143
1704882532,https://www.linkedin.com/jobs/view/1704882532/,0.2712428190185814
1724775855,https://www.linkedin.com/jobs/view/1724775855/,0.27049764638673657
1738602335,https://www.linkedin.com/jobs/view/1738602335/,0.2545080967145657
1696695317,https://www.linkedin.com/jobs/view/1696695317/,0.231776979605619
1726432655,https://www.linkedin.com/jobs/view/1726432655/,0.15233529608716687
1725305368,https://www.linkedin.com/jobs/view/1725305368/,0.07157958215295947
1680882895,https://www.linkedin.com/jobs/view/1680882895/,0.2812607580303309
1693340846,https://www.linkedin.com/jobs/view/1693340846/,0.0
1739115342,https://www.linkedin.com/jobs/view/1739115342/,0.13925033903795775
1711928989,https://www.linkedin.com/jobs/view/1711928989/,0.21826300377698643
1722462547,https://www.linkedin.com/jobs/view/1722462547/,0.21572324477943647
1723323016,https://www.linkedin.com/jobs/view/1723323016/,0.29482064318616075
1714989378,https://www.linkedin.com/jobs/view/1714989378/,0.2582532954266758
1727639404,https://www.linkedin.com/jobs/view/1727639404/,0.2593284344462189
1687160259,https://www.linkedin.com/jobs/view/1687160259/,0.28063479640417904
1717008424,https://www.linkedin.com/jobs/view/1717008424/,0.1923387788178768
1730212689,https://www.linkedin.com/jobs/view/1730212689/,0.29464665740425533
1549280570,https://www.linkedin.com/jobs/view/1549280570/,0.309458055217019
1683560308,https://www.linkedin.com/jobs/view/1683560308/,0.3317528599813594
1721374398,https://www.linkedin.com/jobs/view/1721374398/,0.25736656163956684
1733192446,https://www.linkedin.com/jobs/view/1733192446/,0.14384644259905707
1672217936,https://www.linkedin.com/jobs/view/1672217936/,0.02832178044222895
1737204989,https://www.linkedin.com/jobs/view/1737204989/,0.26134713268963583
1726211350,https://www.linkedin.com/jobs/view/1726211350/,0.15233529608716687
1738998641,https://www.linkedin.com/jobs/view/1738998641/,0.22782887062306617
1720363964,https://www.linkedin.com/jobs/view/1720363964/,0.29763409636354243
1453889872,https://www.linkedin.com/jobs/view/1453889872/,0.3426193941869576
1659279568,https://www.linkedin.com/jobs/view/1659279568/,0.1738731891988829
1721645361,https://www.linkedin.com/jobs/view/1721645361/,0.2865706252206392
1730314382,https://www.linkedin.com/jobs/view/1730314382/,0.27034306676143255
1724941593,https://www.linkedin.com/jobs/view/1724941593/,0.32316370335592864
1683071900,https://www.linkedin.com/jobs/view/1683071900/,0.2454012415672358
1683310689,https://www.linkedin.com/jobs/view/1683310689/,0.3295472338724585
1717126460,https://www.linkedin.com/jobs/view/1717126460/,0.12579952364499802
1729434137,https://www.linkedin.com/jobs/view/1729434137/,0.27824057147924686
1716713260,https://www.linkedin.com/jobs/view/1716713260/,0.33940261390174814
1645197716,https://www.linkedin.com/jobs/view/1645197716/,0.226702123958028
1705225428,https://www.linkedin.com/jobs/view/1705225428/,0.2914987704847728
1712275349,https://www.linkedin.com/jobs/view/1712275349/,0.15132340050718734
1735592302,https://www.linkedin.com/jobs/view/1735592302/,0.18009156590541409
1738147625,https://www.linkedin.com/jobs/view/1738147625/,0.21143186991233423
1460512591,https://www.linkedin.com/jobs/view/1460512591/,0.38227282654418937
1721563171,https://www.linkedin.com/jobs/view/1721563171/,0.19456495946294372
1700555463,https://www.linkedin.com/jobs/view/1700555463/,0.17064128626690162
1716390978,https://www.linkedin.com/jobs/view/1716390978/,0.28225642813736
1735969557,https://www.linkedin.com/jobs/view/1735969557/,0.25180425728050587
1737613658,https://www.linkedin.com/jobs/view/1737613658/,0.2565377007826877
1685606491,https://www.linkedin.com/jobs/view/1685606491/,0.28156270327252364
1722804115,https://www.linkedin.com/jobs/view/1722804115/,0.2903738632526224
1632864097,https://www.linkedin.com/jobs/view/1632864097/,0.21272145822031585
1732408250,https://www.linkedin.com/jobs/view/1732408250/,0.34012428150269836
1703661800,https://www.linkedin.com/jobs/view/1703661800/,0.18347964372498432
1737647755,https://www.linkedin.com/jobs/view/1737647755/,0.2164290190507743
1714167807,https://www.linkedin.com/jobs/view/1714167807/,0.1950112779689572
1736239552,https://www.linkedin.com/jobs/view/1736239552/,0.11959939662136199
1694210786,https://www.linkedin.com/jobs/view/1694210786/,0.275917273184513
1738229531,https://www.linkedin.com/jobs/view/1738229531/,0.22679863802629763
1733790075,https://www.linkedin.com/jobs/view/1733790075/,0.12259269547126118
1598625919,https://www.linkedin.com/jobs/view/1598625919/,0.3482939846821293
1664001771,https://www.linkedin.com/jobs/view/1664001771/,0.16908062395435325
1571077027,https://www.linkedin.com/jobs/view/1571077027/,0.21582769610119662
1721458036,https://www.linkedin.com/jobs/view/1721458036/,0.23514018948485393
1732451266,https://www.linkedin.com/jobs/view/1732451266/,0.21137092321076245
1704671542,https://www.linkedin.com/jobs/view/1704671542/,0.13742175042873692
1701911521,https://www.linkedin.com/jobs/view/1701911521/,0.076500345575126
1720938947,https://www.linkedin.com/jobs/view/1720938947/,0.22001391225315403
1680362881,https://www.linkedin.com/jobs/view/1680362881/,0.23786053994999332
1716549828,https://www.linkedin.com/jobs/view/1716549828/,0.3242339151689476
1729229708,https://www.linkedin.com/jobs/view/1729229708/,0.2670373138166626
1722907790,https://www.linkedin.com/jobs/view/1722907790/,0.2433185931420547
1738792910,https://www.linkedin.com/jobs/view/1738792910/,0.21304485550689392
1722807561,https://www.linkedin.com/jobs/view/1722807561/,0.15198426334234053
1705048916,https://www.linkedin.com/jobs/view/1705048916/,0.17946493570240046
1738964403,https://www.linkedin.com/jobs/view/1738964403/,0.21175868806701612
1738633935,https://www.linkedin.com/jobs/view/1738633935/,0.24935600806136735
1725628785,https://www.linkedin.com/jobs/view/1725628785/,0.3936472751364834
1717997336,https://www.linkedin.com/jobs/view/1717997336/,0.36428634306170776
1714927845,https://www.linkedin.com/jobs/view/1714927845/,0.31341768261123354
1712145942,https://www.linkedin.com/jobs/view/1712145942/,0.26497488022737536
1554418210,https://www.linkedin.com/jobs/view/1554418210/,0.22468578278902515
1710089621,https://www.linkedin.com/jobs/view/1710089621/,0.19025711018656896
1735996695,https://www.linkedin.com/jobs/view/1735996695/,0.20890213436208466
1737774117,https://www.linkedin.com/jobs/view/1737774117/,0.30796244818879204
1681957555,https://www.linkedin.com/jobs/view/1681957555/,0.2512946834865222
1738499130,https://www.linkedin.com/jobs/view/1738499130/,0.25740278599658434
1736163024,https://www.linkedin.com/jobs/view/1736163024/,0.29416629715245773
1728459362,https://www.linkedin.com/jobs/view/1728459362/,0.35880519773232183
1735629807,https://www.linkedin.com/jobs/view/1735629807/,0.26305707036922865
1737651405,https://www.linkedin.com/jobs/view/1737651405/,0.11613158247083404
1725210754,https://www.linkedin.com/jobs/view/1725210754/,0.22602946563764487
1634177951,https://www.linkedin.com/jobs/view/1634177951/,0.13997828092981016
1687310234,https://www.linkedin.com/jobs/view/1687310234/,0.241171732267174
1722728741,https://www.linkedin.com/jobs/view/1722728741/,0.22087219709815098
1673484354,https://www.linkedin.com/jobs/view/1673484354/,0.2349833922218432
1734098010,https://www.linkedin.com/jobs/view/1734098010/,0.2829358855826218
1726960506,https://www.linkedin.com/jobs/view/1726960506/,0.3200318379203936
1680343683,https://www.linkedin.com/jobs/view/1680343683/,0.2828903768313029
1728609126,https://www.linkedin.com/jobs/view/1728609126/,0.2979824073614886
1737611005,https://www.linkedin.com/jobs/view/1737611005/,0.2328766795941004
1699597008,https://www.linkedin.com/jobs/view/1699597008/,0.2282556383848714
1710064162,https://www.linkedin.com/jobs/view/1710064162/,0.38223788462831215
1734323909,https://www.linkedin.com/jobs/view/1734323909/,0.38733540876120187
1533166727,https://www.linkedin.com/jobs/view/1533166727/,0.2711514496010285
1723805158,https://www.linkedin.com/jobs/view/1723805158/,0.2540983997893199
1728879945,https://www.linkedin.com/jobs/view/1728879945/,0.2318845547649403
1731599537,https://www.linkedin.com/jobs/view/1731599537/,0.04040881856124762
1723110634,https://www.linkedin.com/jobs/view/1723110634/,0.1909959143619198
1738906173,https://www.linkedin.com/jobs/view/1738906173/,0.17805548826487766
1717068366,https://www.linkedin.com/jobs/view/1717068366/,0.15590680587001585
1693342870,https://www.linkedin.com/jobs/view/1693342870/,0.2811901487449379
1738702062,https://www.linkedin.com/jobs/view/1738702062/,0.12783605738060191
1679250805,https://www.linkedin.com/jobs/view/1679250805/,0.2529158867571328
1724864470,https://www.linkedin.com/jobs/view/1724864470/,0.14431185780573996
1707181021,https://www.linkedin.com/jobs/view/1707181021/,0.22905060138871636
1722151367,https://www.linkedin.com/jobs/view/1722151367/,0.26025673090753554
1721780605,https://www.linkedin.com/jobs/view/1721780605/,0.10522912249688675
1707116431,https://www.linkedin.com/jobs/view/1707116431/,0.3189037908285033
1729201430,https://www.linkedin.com/jobs/view/1729201430/,0.2422993191599613
1665581762,https://www.linkedin.com/jobs/view/1665581762/,0.22924218764881704
1664432973,https://www.linkedin.com/jobs/view/1664432973/,0.35520261627379457
1737131846,https://www.linkedin.com/jobs/view/1737131846/,0.3239598464200094
1693350025,https://www.linkedin.com/jobs/view/1693350025/,0.2088461431129441
1725603502,https://www.linkedin.com/jobs/view/1725603502/,0.2710036097330772
1477147965,https://www.linkedin.com/jobs/view/1477147965/,0.33366334384741786
1737334601,https://www.linkedin.com/jobs/view/1737334601/,0.2187360696425131
1726568749,https://www.linkedin.com/jobs/view/1726568749/,0.18146883177443315
1721897247,https://www.linkedin.com/jobs/view/1721897247/,0.18620934958931126
1738196447,https://www.linkedin.com/jobs/view/1738196447/,0.3435327169649886
1661326527,https://www.linkedin.com/jobs/view/1661326527/,0.3783144758688854
1704912060,https://www.linkedin.com/jobs/view/1704912060/,0.18204701116931296
1694204353,https://www.linkedin.com/jobs/view/1694204353/,0.14564370497048007
1730368136,https://www.linkedin.com/jobs/view/1730368136/,0.16262608960484654
1686165109,https://www.linkedin.com/jobs/view/1686165109/,0.29011236389894
1732409152,https://www.linkedin.com/jobs/view/1732409152/,0.22158037396729377
1707178526,https://www.linkedin.com/jobs/view/1707178526/,0.14068118772454816
1724866890,https://www.linkedin.com/jobs/view/1724866890/,0.3336464657420033
1694243026,https://www.linkedin.com/jobs/view/1694243026/,0.23876882672807379
1676727054,https://www.linkedin.com/jobs/view/1676727054/,0.2150498958181395
1697187778,https://www.linkedin.com/jobs/view/1697187778/,0.2005604716037233
1714811912,https://www.linkedin.com/jobs/view/1714811912/,0.2509968802851021
1724977010,https://www.linkedin.com/jobs/view/1724977010/,0.27710845158674285
1727171914,https://www.linkedin.com/jobs/view/1727171914/,0.17249967455416523
1723012600,https://www.linkedin.com/jobs/view/1723012600/,0.21885049861077616
1719831243,https://www.linkedin.com/jobs/view/1719831243/,0.263982558205728
1733007312,https://www.linkedin.com/jobs/view/1733007312/,0.3438611714235385
1673716913,https://www.linkedin.com/jobs/view/1673716913/,0.22068082898887606
1737787269,https://www.linkedin.com/jobs/view/1737787269/,0.17202224269301314
1732493670,https://www.linkedin.com/jobs/view/1732493670/,0.09985171751533714
1732466536,https://www.linkedin.com/jobs/view/1732466536/,0.13520951531196307
1718365469,https://www.linkedin.com/jobs/view/1718365469/,0.0989457820487199
1650767311,https://www.linkedin.com/jobs/view/1650767311/,0.18720655364683658
1736256316,https://www.linkedin.com/jobs/view/1736256316/,0.2231919814111704
1738555971,https://www.linkedin.com/jobs/view/1738555971/,0.2684537726290461
1681985862,https://www.linkedin.com/jobs/view/1681985862/,0.2512946834865222
1733648757,https://www.linkedin.com/jobs/view/1733648757/,0.18165622503044723
1737770020,https://www.linkedin.com/jobs/view/1737770020/,0.1569666445980899
1656992824,https://www.linkedin.com/jobs/view/1656992824/,0.2926235322397676
1729289444,https://www.linkedin.com/jobs/view/1729289444/,0.18111621115823745
1704615808,https://www.linkedin.com/jobs/view/1704615808/,0.2796742649268108
1732420632,https://www.linkedin.com/jobs/view/1732420632/,0.3331987843424629
1733928765,https://www.linkedin.com/jobs/view/1733928765/,0.1166719380543329
1732916963,https://www.linkedin.com/jobs/view/1732916963/,0.1743221492085559
1706342008,https://www.linkedin.com/jobs/view/1706342008/,0.25907279981134695
1727716814,https://www.linkedin.com/jobs/view/1727716814/,0.2750985444692448
1733426022,https://www.linkedin.com/jobs/view/1733426022/,0.08014528901924797
1710018203,https://www.linkedin.com/jobs/view/1710018203/,0.27441504489477353
1735598893,https://www.linkedin.com/jobs/view/1735598893/,0.2594096982275685
1733741195,https://www.linkedin.com/jobs/view/1733741195/,0.23135976010302323
1731744869,https://www.linkedin.com/jobs/view/1731744869/,0.2298508352707155
1737322089,https://www.linkedin.com/jobs/view/1737322089/,0.22908395672145146
1714911215,https://www.linkedin.com/jobs/view/1714911215/,0.2696565048721519
1734181755,https://www.linkedin.com/jobs/view/1734181755/,0.20883541632739427
1728655788,https://www.linkedin.com/jobs/view/1728655788/,0.2327885040747009
1718395200,https://www.linkedin.com/jobs/view/1718395200/,0.2677399388053672
1710028763,https://www.linkedin.com/jobs/view/1710028763/,0.2961817208835744
1704449539,https://www.linkedin.com/jobs/view/1704449539/,0.17981296083717205
1692808503,https://www.linkedin.com/jobs/view/1692808503/,0.14111360410662122
1716021320,https://www.linkedin.com/jobs/view/1716021320/,0.18685697603456722
1713590071,https://www.linkedin.com/jobs/view/1713590071/,0.2718086538319455
1729363233,https://www.linkedin.com/jobs/view/1729363233/,0.27710803602804385
1698078081,https://www.linkedin.com/jobs/view/1698078081/,0.2007662479743418
1737327740,https://www.linkedin.com/jobs/view/1737327740/,0.2698479971965315
1737800376,https://www.linkedin.com/jobs/view/1737800376/,0.2270870413837025
1726066851,https://www.linkedin.com/jobs/view/1726066851/,0.1963239497560338
1680873582,https://www.linkedin.com/jobs/view/1680873582/,0.29834528163679774
1736025523,https://www.linkedin.com/jobs/view/1736025523/,0.1788391587650352
1681939829,https://www.linkedin.com/jobs/view/1681939829/,0.22260146555395915
1725198787,https://www.linkedin.com/jobs/view/1725198787/,0.24893324257021546
1737176218,https://www.linkedin.com/jobs/view/1737176218/,0.28690741413194204
1732466056,https://www.linkedin.com/jobs/view/1732466056/,0.2192013047151612
1728314802,https://www.linkedin.com/jobs/view/1728314802/,0.3421636170246536
1732827080,https://www.linkedin.com/jobs/view/1732827080/,0.1675277218360886
1722304261,https://www.linkedin.com/jobs/view/1722304261/,0.19021544897687517
1710358872,https://www.linkedin.com/jobs/view/1710358872/,0.2656679493883408
1711803958,https://www.linkedin.com/jobs/view/1711803958/,0.3239992384163909
1735664012,https://www.linkedin.com/jobs/view/1735664012/,0.22264986241744272
1712973453,https://www.linkedin.com/jobs/view/1712973453/,0.20052794714579064
1728096331,https://www.linkedin.com/jobs/view/1728096331/,0.29368108139483895
1735930943,https://www.linkedin.com/jobs/view/1735930943/,0.10867216147375175
1720561239,https://www.linkedin.com/jobs/view/1720561239/,0.29136599880290553
1729712928,https://www.linkedin.com/jobs/view/1729712928/,0.31490390673708246
1733840591,https://www.linkedin.com/jobs/view/1733840591/,0.17622566420336047
1694664241,https://www.linkedin.com/jobs/view/1694664241/,0.26702998616791374
1732466158,https://www.linkedin.com/jobs/view/1732466158/,0.3507979307666569
1737325090,https://www.linkedin.com/jobs/view/1737325090/,0.1528173758922163
1723306557,https://www.linkedin.com/jobs/view/1723306557/,0.29544045126432283
1737345468,https://www.linkedin.com/jobs/view/1737345468/,0.27109396006457237
1729241916,https://www.linkedin.com/jobs/view/1729241916/,0.2765948268186945
1733676733,https://www.linkedin.com/jobs/view/1733676733/,0.2662835223135671
1738775490,https://www.linkedin.com/jobs/view/1738775490/,0.3381052818946168
1701179072,https://www.linkedin.com/jobs/view/1701179072/,0.24910270917492375
1737202216,https://www.linkedin.com/jobs/view/1737202216/,0.20401947402009582
1693615645,https://www.linkedin.com/jobs/view/1693615645/,0.2255340379367789
1706368046,https://www.linkedin.com/jobs/view/1706368046/,0.3072687962472387
1735477789,https://www.linkedin.com/jobs/view/1735477789/,0.3368900832612227
1693113716,https://www.linkedin.com/jobs/view/1693113716/,0.3158494828861323
1708568198,https://www.linkedin.com/jobs/view/1708568198/,0.1908309623998379
1685630821,https://www.linkedin.com/jobs/view/1685630821/,0.20748295661206018
1722267333,https://www.linkedin.com/jobs/view/1722267333/,0.33711491252051035
1714797010,https://www.linkedin.com/jobs/view/1714797010/,0.19800924192394098
1736077446,https://www.linkedin.com/jobs/view/1736077446/,0.12073825211216842
1732910934,https://www.linkedin.com/jobs/view/1732910934/,0.30751556562563126
1699359199,https://www.linkedin.com/jobs/view/1699359199/,0.2829683358853515
1716056382,https://www.linkedin.com/jobs/view/1716056382/,0.3656000992765451
1718336346,https://www.linkedin.com/jobs/view/1718336346/,0.17767778145235816
1714357440,https://www.linkedin.com/jobs/view/1714357440/,0.18570657894029405
1735875855,https://www.linkedin.com/jobs/view/1735875855/,0.2615306099143415
1653567981,https://www.linkedin.com/jobs/view/1653567981/,0.2212744490314809
1720930434,https://www.linkedin.com/jobs/view/1720930434/,0.2893269929806453
1632971845,https://www.linkedin.com/jobs/view/1632971845/,0.32084884589266693
1723802891,https://www.linkedin.com/jobs/view/1723802891/,0.24860321863490956
1676464551,https://www.linkedin.com/jobs/view/1676464551/,0.3364748862548383
1725324236,https://www.linkedin.com/jobs/view/1725324236/,0.31797670908347614
1717641099,https://www.linkedin.com/jobs/view/1717641099/,0.30433134094836617
1727182408,https://www.linkedin.com/jobs/view/1727182408/,0.22616582702980367
1626391402,https://www.linkedin.com/jobs/view/1626391402/,0.20938522512407437
1737236980,https://www.linkedin.com/jobs/view/1737236980/,0.16970622150211837
1728095292,https://www.linkedin.com/jobs/view/1728095292/,0.22782887062306617
1718377269,https://www.linkedin.com/jobs/view/1718377269/,0.28263985713869316
1659232486,https://www.linkedin.com/jobs/view/1659232486/,0.2592249271219846
1730324994,https://www.linkedin.com/jobs/view/1730324994/,0.14475478135527495
1726015722,https://www.linkedin.com/jobs/view/1726015722/,0.24098558254603542
1704916183,https://www.linkedin.com/jobs/view/1704916183/,0.27432698566846675
1697770876,https://www.linkedin.com/jobs/view/1697770876/,0.24410968295827298
1714213129,https://www.linkedin.com/jobs/view/1714213129/,0.28263188527639727
1734775539,https://www.linkedin.com/jobs/view/1734775539/,0.19598325961553237
1723778761,https://www.linkedin.com/jobs/view/1723778761/,0.2516680409779267
1655871317,https://www.linkedin.com/jobs/view/1655871317/,0.3085967516968241
1735579325,https://www.linkedin.com/jobs/view/1735579325/,0.16259676835889753
1690740552,https://www.linkedin.com/jobs/view/1690740552/,0.20141382662737353
1697743214,https://www.linkedin.com/jobs/view/1697743214/,0.33525102893385444
1714876831,https://www.linkedin.com/jobs/view/1714876831/,0.2276285988389438
1734738607,https://www.linkedin.com/jobs/view/1734738607/,0.2662238996836026
1718335579,https://www.linkedin.com/jobs/view/1718335579/,0.33715257794117026
1580108441,https://www.linkedin.com/jobs/view/1580108441/,0.3311902994837883
1719063828,https://www.linkedin.com/jobs/view/1719063828/,0.2246435909018982
1681021565,https://www.linkedin.com/jobs/view/1681021565/,0.16786295229386644
1687317980,https://www.linkedin.com/jobs/view/1687317980/,0.23439619661206582
1706348872,https://www.linkedin.com/jobs/view/1706348872/,0.18190268998601558
1711870555,https://www.linkedin.com/jobs/view/1711870555/,0.3604954122408682
1703414598,https://www.linkedin.com/jobs/view/1703414598/,0.21854310465481175
1727675924,https://www.linkedin.com/jobs/view/1727675924/,0.25153504776632635
1678130573,https://www.linkedin.com/jobs/view/1678130573/,0.17941414389408644
1690973476,https://www.linkedin.com/jobs/view/1690973476/,0.1886785870271817
1729778392,https://www.linkedin.com/jobs/view/1729778392/,0.30285293856952666
1733381349,https://www.linkedin.com/jobs/view/1733381349/,0.11077958290358372
1737673009,https://www.linkedin.com/jobs/view/1737673009/,0.26707030789181785
1609731502,https://www.linkedin.com/jobs/view/1609731502/,0.22422156846924818
1723254827,https://www.linkedin.com/jobs/view/1723254827/,0.19494051983363067
1729741792,https://www.linkedin.com/jobs/view/1729741792/,0.23747346948958828
1729739956,https://www.linkedin.com/jobs/view/1729739956/,0.3051206286163568
1731708382,https://www.linkedin.com/jobs/view/1731708382/,0.22113098474963572
1731771671,https://www.linkedin.com/jobs/view/1731771671/,0.3037608332936575
1706398101,https://www.linkedin.com/jobs/view/1706398101/,0.16902571847817577
1737326289,https://www.linkedin.com/jobs/view/1737326289/,0.18731990727986184
1734136099,https://www.linkedin.com/jobs/view/1734136099/,0.2547628522908976
1731541519,https://www.linkedin.com/jobs/view/1731541519/,0.20430929596179948
1677961909,https://www.linkedin.com/jobs/view/1677961909/,0.24138189757037545
1733904981,https://www.linkedin.com/jobs/view/1733904981/,0.17322653501693688
1731771604,https://www.linkedin.com/jobs/view/1731771604/,0.2627046675033327
1728610316,https://www.linkedin.com/jobs/view/1728610316/,0.22208161823399242
1725954026,https://www.linkedin.com/jobs/view/1725954026/,0.2075061812933563
1695648217,https://www.linkedin.com/jobs/view/1695648217/,0.3399680255792764
1721841990,https://www.linkedin.com/jobs/view/1721841990/,0.2728937624966254
1711112355,https://www.linkedin.com/jobs/view/1711112355/,0.30047387701372946
1684997673,https://www.linkedin.com/jobs/view/1684997673/,0.2979689288539614
1726241407,https://www.linkedin.com/jobs/view/1726241407/,0.12385189387575345
1721017721,https://www.linkedin.com/jobs/view/1721017721/,0.19277643622029153
1702538354,https://www.linkedin.com/jobs/view/1702538354/,0.24765453566632295
1707062527,https://www.linkedin.com/jobs/view/1707062527/,0.19284927964158807
1702029773,https://www.linkedin.com/jobs/view/1702029773/,0.14068118772454816
1726029426,https://www.linkedin.com/jobs/view/1726029426/,0.30480904560388616
1673281252,https://www.linkedin.com/jobs/view/1673281252/,0.1533709899157669
1610174331,https://www.linkedin.com/jobs/view/1610174331/,0.18280096834527876
1719808850,https://www.linkedin.com/jobs/view/1719808850/,0.19082566100093523
1654227509,https://www.linkedin.com/jobs/view/1654227509/,0.1573930614732794
1705829372,https://www.linkedin.com/jobs/view/1705829372/,0.27812249697816693
1735877835,https://www.linkedin.com/jobs/view/1735877835/,0.32849350956429224
1694811600,https://www.linkedin.com/jobs/view/1694811600/,0.28446867305698387
1737723843,https://www.linkedin.com/jobs/view/1737723843/,0.2570919578050438
1534388219,https://www.linkedin.com/jobs/view/1534388219/,0.28556034766260147
1694975525,https://www.linkedin.com/jobs/view/1694975525/,0.12444697666267651
1719135008,https://www.linkedin.com/jobs/view/1719135008/,0.2248323646330104
1715411402,https://www.linkedin.com/jobs/view/1715411402/,0.2294278111418901
1704325929,https://www.linkedin.com/jobs/view/1704325929/,0.11546193538194151
1723754350,https://www.linkedin.com/jobs/view/1723754350/,0.3372952349744427
1737134727,https://www.linkedin.com/jobs/view/1737134727/,0.24387558639547857
1733540103,https://www.linkedin.com/jobs/view/1733540103/,0.11221755387758311
1653486702,https://www.linkedin.com/jobs/view/1653486702/,0.3542331930652889
1684584199,https://www.linkedin.com/jobs/view/1684584199/,0.30932808990450805
1626725495,https://www.linkedin.com/jobs/view/1626725495/,0.26061477449115805
1686550018,https://www.linkedin.com/jobs/view/1686550018/,0.2827942435798926
1713215094,https://www.linkedin.com/jobs/view/1713215094/,0.15106629606176764
1724856934,https://www.linkedin.com/jobs/view/1724856934/,0.14434858837969194
1668123058,https://www.linkedin.com/jobs/view/1668123058/,0.3318360315021156
1719886732,https://www.linkedin.com/jobs/view/1719886732/,0.2160244478538008
1713324892,https://www.linkedin.com/jobs/view/1713324892/,0.2545520537792842
1731734539,https://www.linkedin.com/jobs/view/1731734539/,0.34152511118818474
1737688704,https://www.linkedin.com/jobs/view/1737688704/,0.1866843802455051
1708583240,https://www.linkedin.com/jobs/view/1708583240/,0.2762854780731299
1729730493,https://www.linkedin.com/jobs/view/1729730493/,0.04844797611321485
1660716100,https://www.linkedin.com/jobs/view/1660716100/,0.2656673297753905
1703333273,https://www.linkedin.com/jobs/view/1703333273/,0.22733253877840845
1459961458,https://www.linkedin.com/jobs/view/1459961458/,0.2521572876162959
1720899936,https://www.linkedin.com/jobs/view/1720899936/,0.16339120714313407
1727571476,https://www.linkedin.com/jobs/view/1727571476/,0.19573561718017524
1696018730,https://www.linkedin.com/jobs/view/1696018730/,0.2113766330815599
1710851430,https://www.linkedin.com/jobs/view/1710851430/,0.2690492238588877
1721367923,https://www.linkedin.com/jobs/view/1721367923/,0.31150414597429005
1646156610,https://www.linkedin.com/jobs/view/1646156610/,0.10072196155387916
1734369866,https://www.linkedin.com/jobs/view/1734369866/,0.04441625156812379
1702014368,https://www.linkedin.com/jobs/view/1702014368/,0.14564370497048007
1708582308,https://www.linkedin.com/jobs/view/1708582308/,0.23156917975564212
1678117125,https://www.linkedin.com/jobs/view/1678117125/,0.25164320457296757
1734507085,https://www.linkedin.com/jobs/view/1734507085/,0.18501860882273274
1726802773,https://www.linkedin.com/jobs/view/1726802773/,0.22361626928029796
1704313859,https://www.linkedin.com/jobs/view/1704313859/,0.2044668064848055
1735273067,https://www.linkedin.com/jobs/view/1735273067/,0.22341010786237203
1656121973,https://www.linkedin.com/jobs/view/1656121973/,0.1918640211694811
1721889176,https://www.linkedin.com/jobs/view/1721889176/,0.1625521671675469
1691882885,https://www.linkedin.com/jobs/view/1691882885/,0.2855396886893297
1732938958,https://www.linkedin.com/jobs/view/1732938958/,0.2474012437545731
1713746628,https://www.linkedin.com/jobs/view/1713746628/,0.36964424088424674
1689581441,https://www.linkedin.com/jobs/view/1689581441/,0.16776242777837547
1676548983,https://www.linkedin.com/jobs/view/1676548983/,0.2539756010704026
1713617314,https://www.linkedin.com/jobs/view/1713617314/,0.26494040899126114
1713657698,https://www.linkedin.com/jobs/view/1713657698/,0.31345207737922437
1723810840,https://www.linkedin.com/jobs/view/1723810840/,0.24337314872278248
1727304312,https://www.linkedin.com/jobs/view/1727304312/,0.13357552991285096
1726608444,https://www.linkedin.com/jobs/view/1726608444/,0.1220573119032554
1735897974,https://www.linkedin.com/jobs/view/1735897974/,0.2011601351521976
1732117065,https://www.linkedin.com/jobs/view/1732117065/,0.20152798566554084
1732172402,https://www.linkedin.com/jobs/view/1732172402/,0.23669842976165117
1721457221,https://www.linkedin.com/jobs/view/1721457221/,0.260601865287481
1728170567,https://www.linkedin.com/jobs/view/1728170567/,0.23756717955269807
1729275893,https://www.linkedin.com/jobs/view/1729275893/,0.17484495535959418
1710025523,https://www.linkedin.com/jobs/view/1710025523/,0.09489684776702113
1703002246,https://www.linkedin.com/jobs/view/1703002246/,0.15688762839953443
1735645362,https://www.linkedin.com/jobs/view/1735645362/,0.2170514096491369
1693006099,https://www.linkedin.com/jobs/view/1693006099/,0.25463999094580725
1681489683,https://www.linkedin.com/jobs/view/1681489683/,0.22006632451341662
1720647328,https://www.linkedin.com/jobs/view/1720647328/,0.26080894749666084
1729334394,https://www.linkedin.com/jobs/view/1729334394/,0.14606621430802405
1725884454,https://www.linkedin.com/jobs/view/1725884454/,0.27938722647424136
1733925301,https://www.linkedin.com/jobs/view/1733925301/,0.3040509868352797
1687065176,https://www.linkedin.com/jobs/view/1687065176/,0.26981873102322895
1707611360,https://www.linkedin.com/jobs/view/1707611360/,0.15673874414880087
1725926576,https://www.linkedin.com/jobs/view/1725926576/,0.34695595805351837
1732658659,https://www.linkedin.com/jobs/view/1732658659/,0.021172303917977312
1724439096,https://www.linkedin.com/jobs/view/1724439096/,0.21605786062431256
1725176712,https://www.linkedin.com/jobs/view/1725176712/,0.19277974906101772
1697758474,https://www.linkedin.com/jobs/view/1697758474/,0.28019457337229403
1689729849,https://www.linkedin.com/jobs/view/1689729849/,0.10479641659028426
1723317594,https://www.linkedin.com/jobs/view/1723317594/,0.20175309970681285
1703521567,https://www.linkedin.com/jobs/view/1703521567/,0.2689795585176388
1726390091,https://www.linkedin.com/jobs/view/1726390091/,0.24629762797880117
1727072492,https://www.linkedin.com/jobs/view/1727072492/,0.23464033871185278
1728654713,https://www.linkedin.com/jobs/view/1728654713/,0.38757919966300985
1733894368,https://www.linkedin.com/jobs/view/1733894368/,0.1892533486664645
1665779037,https://www.linkedin.com/jobs/view/1665779037/,0.21336777108245414
1729150360,https://www.linkedin.com/jobs/view/1729150360/,0.19056072839925053
1699357275,https://www.linkedin.com/jobs/view/1699357275/,0.20004010965931557
1724812104,https://www.linkedin.com/jobs/view/1724812104/,0.12246331670697486
1538161815,https://www.linkedin.com/jobs/view/1538161815/,0.26480140166747457
1735585998,https://www.linkedin.com/jobs/view/1735585998/,0.351622961961432
1669200791,https://www.linkedin.com/jobs/view/1669200791/,0.23016363369070741
1737301493,https://www.linkedin.com/jobs/view/1737301493/,0.15433792436776986
1732916538,https://www.linkedin.com/jobs/view/1732916538/,0.2467931737907726
1728440524,https://www.linkedin.com/jobs/view/1728440524/,0.24458095007133349
1567658341,https://www.linkedin.com/jobs/view/1567658341/,0.04070800379204329
1689437464,https://www.linkedin.com/jobs/view/1689437464/,0.22291891175580866
1727051147,https://www.linkedin.com/jobs/view/1727051147/,0.12195714281234124
1348681911,https://www.linkedin.com/jobs/view/1348681911/,0.13029126233302243
1694205260,https://www.linkedin.com/jobs/view/1694205260/,0.15016374972191096
1709587512,https://www.linkedin.com/jobs/view/1709587512/,0.1623191149587871
1732002711,https://www.linkedin.com/jobs/view/1732002711/,0.19071634048171526
1695858176,https://www.linkedin.com/jobs/view/1695858176/,0.29012261185660027
1697781928,https://www.linkedin.com/jobs/view/1697781928/,0.30868159976188325
1733746119,https://www.linkedin.com/jobs/view/1733746119/,0.2864542068788888
1678108261,https://www.linkedin.com/jobs/view/1678108261/,0.3144990750212804
1715456836,https://www.linkedin.com/jobs/view/1715456836/,0.18515372754972478
1689807669,https://www.linkedin.com/jobs/view/1689807669/,0.26424203042654276
1704631742,https://www.linkedin.com/jobs/view/1704631742/,0.20567403444482235
1694257254,https://www.linkedin.com/jobs/view/1694257254/,0.38606099063823823
1717479355,https://www.linkedin.com/jobs/view/1717479355/,0.1296465667892547
1727117625,https://www.linkedin.com/jobs/view/1727117625/,0.22639397564740235
1722808286,https://www.linkedin.com/jobs/view/1722808286/,0.30112534013514697
1724575484,https://www.linkedin.com/jobs/view/1724575484/,0.2818405260924034
1734595156,https://www.linkedin.com/jobs/view/1734595156/,0.08451388200728702
1690268179,https://www.linkedin.com/jobs/view/1690268179/,0.2719213422478705
1737520611,https://www.linkedin.com/jobs/view/1737520611/,0.30682569625070694
1727132233,https://www.linkedin.com/jobs/view/1727132233/,0.18302743328844345
1711817474,https://www.linkedin.com/jobs/view/1711817474/,0.339756971464649
1720573577,https://www.linkedin.com/jobs/view/1720573577/,0.20197322742228743
1726283722,https://www.linkedin.com/jobs/view/1726283722/,0.16316815746930127
1725472933,https://www.linkedin.com/jobs/view/1725472933/,0.32574423056366264
1704924562,https://www.linkedin.com/jobs/view/1704924562/,0.20679158772482845
1737816834,https://www.linkedin.com/jobs/view/1737816834/,0.10096637768289661
1702286727,https://www.linkedin.com/jobs/view/1702286727/,0.24343208767730365
1728791081,https://www.linkedin.com/jobs/view/1728791081/,0.2049423718514508
1110815783,https://www.linkedin.com/jobs/view/1110815783/,0.34285060170239107
1687520703,https://www.linkedin.com/jobs/view/1687520703/,0.24960935064258552
1728987201,https://www.linkedin.com/jobs/view/1728987201/,0.224349215373832
1684962636,https://www.linkedin.com/jobs/view/1684962636/,0.23595791840690153
1726021349,https://www.linkedin.com/jobs/view/1726021349/,0.20563610731079623
1716813527,https://www.linkedin.com/jobs/view/1716813527/,0.25188673848583865
1672230687,https://www.linkedin.com/jobs/view/1672230687/,0.2621406034962031
1711818524,https://www.linkedin.com/jobs/view/1711818524/,0.18819258736028188
1467683717,https://www.linkedin.com/jobs/view/1467683717/,0.20583117373777002
1678107242,https://www.linkedin.com/jobs/view/1678107242/,0.2023304751442673
1715853029,https://www.linkedin.com/jobs/view/1715853029/,0.2749575781091263
1738764454,https://www.linkedin.com/jobs/view/1738764454/,0.1015523215679797
1733654798,https://www.linkedin.com/jobs/view/1733654798/,0.14881961015394102
1722516030,https://www.linkedin.com/jobs/view/1722516030/,0.19924608771847524
1707349476,https://www.linkedin.com/jobs/view/1707349476/,0.2953246239320045
1738595935,https://www.linkedin.com/jobs/view/1738595935/,0.1788391587650352
1700232394,https://www.linkedin.com/jobs/view/1700232394/,0.12022090051874097
1706362402,https://www.linkedin.com/jobs/view/1706362402/,0.26300619937790737
1723803670,https://www.linkedin.com/jobs/view/1723803670/,0.2558802723821268
1689849711,https://www.linkedin.com/jobs/view/1689849711/,0.21826121612732519
1697758532,https://www.linkedin.com/jobs/view/1697758532/,0.3008253919072065
1709944132,https://www.linkedin.com/jobs/view/1709944132/,0.2633681152801114
1717915185,https://www.linkedin.com/jobs/view/1717915185/,0.209070377571087
1487691811,https://www.linkedin.com/jobs/view/1487691811/,0.12202677092701467
1719888088,https://www.linkedin.com/jobs/view/1719888088/,0.279457410064333
1695648717,https://www.linkedin.com/jobs/view/1695648717/,0.09929573811932818
1670048193,https://www.linkedin.com/jobs/view/1670048193/,0.30975150665604034
1726239854,https://www.linkedin.com/jobs/view/1726239854/,0.34759684375292077
1730291256,https://www.linkedin.com/jobs/view/1730291256/,0.26757756728435855
1720342962,https://www.linkedin.com/jobs/view/1720342962/,0.2171089465336281
1734183122,https://www.linkedin.com/jobs/view/1734183122/,0.20519880471421084
1711796289,https://www.linkedin.com/jobs/view/1711796289/,0.2258916280757016
1734203166,https://www.linkedin.com/jobs/view/1734203166/,0.1989913180692733
1722063681,https://www.linkedin.com/jobs/view/1722063681/,0.321614131355277
1719108621,https://www.linkedin.com/jobs/view/1719108621/,0.22485593873595636
1701509941,https://www.linkedin.com/jobs/view/1701509941/,0.31807187885412747
1693823836,https://www.linkedin.com/jobs/view/1693823836/,0.34803113707654537
1696074631,https://www.linkedin.com/jobs/view/1696074631/,0.23919110074840608
1706486237,https://www.linkedin.com/jobs/view/1706486237/,0.244370446418235
1683271075,https://www.linkedin.com/jobs/view/1683271075/,0.19026520732581723
1654891371,https://www.linkedin.com/jobs/view/1654891371/,0.21809792018509414
1721402336,https://www.linkedin.com/jobs/view/1721402336/,0.19763719983273081
1710741826,https://www.linkedin.com/jobs/view/1710741826/,0.2382384680602786
1720934228,https://www.linkedin.com/jobs/view/1720934228/,0.27714927422840413
1703893796,https://www.linkedin.com/jobs/view/1703893796/,0.19453979626658544
1725871053,https://www.linkedin.com/jobs/view/1725871053/,0.3426118603010277
1716215105,https://www.linkedin.com/jobs/view/1716215105/,0.338076409223921
1723328727,https://www.linkedin.com/jobs/view/1723328727/,0.24442174926514493
1727632089,https://www.linkedin.com/jobs/view/1727632089/,0.20784940802941007
1711402734,https://www.linkedin.com/jobs/view/1711402734/,0.28196199784199
1726515882,https://www.linkedin.com/jobs/view/1726515882/,0.22973908711649388
1680682812,https://www.linkedin.com/jobs/view/1680682812/,0.13838979908733579
1730897499,https://www.linkedin.com/jobs/view/1730897499/,0.33147674772533636
1684561571,https://www.linkedin.com/jobs/view/1684561571/,0.20655598548738288
1737217350,https://www.linkedin.com/jobs/view/1737217350/,0.08682987941744214
1708573177,https://www.linkedin.com/jobs/view/1708573177/,0.31239661426755994
1737246395,https://www.linkedin.com/jobs/view/1737246395/,0.06383283875745877
1738552222,https://www.linkedin.com/jobs/view/1738552222/,0.16727924015179652
1728419622,https://www.linkedin.com/jobs/view/1728419622/,0.1721045289417289
1731892884,https://www.linkedin.com/jobs/view/1731892884/,0.33035452422007355
1711296956,https://www.linkedin.com/jobs/view/1711296956/,0.2571673783741423
1738531163,https://www.linkedin.com/jobs/view/1738531163/,0.07805132969864695
1711004147,https://www.linkedin.com/jobs/view/1711004147/,0.24370185806877073
1730352743,https://www.linkedin.com/jobs/view/1730352743/,0.15003816227964184
1730351460,https://www.linkedin.com/jobs/view/1730351460/,0.1831939715088181
1726493387,https://www.linkedin.com/jobs/view/1726493387/,0.09605380915346326
1692512415,https://www.linkedin.com/jobs/view/1692512415/,0.24100092543856672
1454561092,https://www.linkedin.com/jobs/view/1454561092/,0.3643614281214101
1733952727,https://www.linkedin.com/jobs/view/1733952727/,0.2901512604019952
1659100712,https://www.linkedin.com/jobs/view/1659100712/,0.22598686267051932
1671867807,https://www.linkedin.com/jobs/view/1671867807/,0.29685080591265756
1697447036,https://www.linkedin.com/jobs/view/1697447036/,0.23253005966343998
1690344912,https://www.linkedin.com/jobs/view/1690344912/,0.3420726673111212
1683806381,https://www.linkedin.com/jobs/view/1683806381/,0.25677454388172516
1700897193,https://www.linkedin.com/jobs/view/1700897193/,0.28304670928165354
1714813139,https://www.linkedin.com/jobs/view/1714813139/,0.23548176899190623
1667383553,https://www.linkedin.com/jobs/view/1667383553/,0.22847355938908714
1701637962,https://www.linkedin.com/jobs/view/1701637962/,0.19086969092441644
1660909715,https://www.linkedin.com/jobs/view/1660909715/,0.2737758375850157
1510669912,https://www.linkedin.com/jobs/view/1510669912/,0.11225230189287934
1731744963,https://www.linkedin.com/jobs/view/1731744963/,0.16389787303172224
1737318871,https://www.linkedin.com/jobs/view/1737318871/,0.24799335557530613
1726134364,https://www.linkedin.com/jobs/view/1726134364/,0.26934965278233264
1732468555,https://www.linkedin.com/jobs/view/1732468555/,0.17830670121064549
1676835002,https://www.linkedin.com/jobs/view/1676835002/,0.3657514581731104
1719161820,https://www.linkedin.com/jobs/view/1719161820/,0.2759306378640099
1650627541,https://www.linkedin.com/jobs/view/1650627541/,0.10430674499990478
1711126812,https://www.linkedin.com/jobs/view/1711126812/,0.27967110514539356
1679236332,https://www.linkedin.com/jobs/view/1679236332/,0.2515056632199785
1655845727,https://www.linkedin.com/jobs/view/1655845727/,0.2192241360369947
1667955211,https://www.linkedin.com/jobs/view/1667955211/,0.32111876894520014
1704682159,https://www.linkedin.com/jobs/view/1704682159/,0.11126481187124894
1713170247,https://www.linkedin.com/jobs/view/1713170247/,0.2655457684745264
1734062355,https://www.linkedin.com/jobs/view/1734062355/,0.1784372895075428
1733545648,https://www.linkedin.com/jobs/view/1733545648/,0.29482064318616075
1721987922,https://www.linkedin.com/jobs/view/1721987922/,0.32166905559362896
1699411127,https://www.linkedin.com/jobs/view/1699411127/,0.12313679007842122
1737250522,https://www.linkedin.com/jobs/view/1737250522/,0.08333841072598598
1695444390,https://www.linkedin.com/jobs/view/1695444390/,0.2552345831416098
1596228230,https://www.linkedin.com/jobs/view/1596228230/,0.2542529804354951
1717872669,https://www.linkedin.com/jobs/view/1717872669/,0.19574378199573916
1670820316,https://www.linkedin.com/jobs/view/1670820316/,0.18629374503246746
1653385147,https://www.linkedin.com/jobs/view/1653385147/,0.22332353557298262
1716565313,https://www.linkedin.com/jobs/view/1716565313/,0.33244841057459623
1736066091,https://www.linkedin.com/jobs/view/1736066091/,0.13024540498081816
1699723825,https://www.linkedin.com/jobs/view/1699723825/,0.2792532112061105
1688634946,https://www.linkedin.com/jobs/view/1688634946/,0.14692156556458744
1617751185,https://www.linkedin.com/jobs/view/1617751185/,0.2715638277357942
1700583577,https://www.linkedin.com/jobs/view/1700583577/,0.1979546089296278
1719191197,https://www.linkedin.com/jobs/view/1719191197/,0.2814980373883557
1704670446,https://www.linkedin.com/jobs/view/1704670446/,0.3547817241771631
1726805360,https://www.linkedin.com/jobs/view/1726805360/,0.33266387305630035
1734767256,https://www.linkedin.com/jobs/view/1734767256/,0.08946775264436785
1735466230,https://www.linkedin.com/jobs/view/1735466230/,0.3167026719506096
1677940110,https://www.linkedin.com/jobs/view/1677940110/,0.33048504619532554
1625215147,https://www.linkedin.com/jobs/view/1625215147/,0.3093346171002113
1733843349,https://www.linkedin.com/jobs/view/1733843349/,0.14681276467059612
1693592733,https://www.linkedin.com/jobs/view/1693592733/,0.29828992322908054
1710850621,https://www.linkedin.com/jobs/view/1710850621/,0.24451027459143046
1727141383,https://www.linkedin.com/jobs/view/1727141383/,0.11021587835156726
1724556752,https://www.linkedin.com/jobs/view/1724556752/,0.1932453781912685
1733472226,https://www.linkedin.com/jobs/view/1733472226/,0.26820985550043885
1726242901,https://www.linkedin.com/jobs/view/1726242901/,0.1736120536388719
1710140925,https://www.linkedin.com/jobs/view/1710140925/,0.3323173142581023
1730159050,https://www.linkedin.com/jobs/view/1730159050/,0.2002649495340885
1668098010,https://www.linkedin.com/jobs/view/1668098010/,0.16001702784995764
1734367133,https://www.linkedin.com/jobs/view/1734367133/,0.2475536808889239
1716037964,https://www.linkedin.com/jobs/view/1716037964/,0.20044483998405963
1642673739,https://www.linkedin.com/jobs/view/1642673739/,0.26230048202721834
1725323394,https://www.linkedin.com/jobs/view/1725323394/,0.21592968772475013
1704707577,https://www.linkedin.com/jobs/view/1704707577/,0.23755863815547495
1735202985,https://www.linkedin.com/jobs/view/1735202985/,0.2607130140951784
1713601676,https://www.linkedin.com/jobs/view/1713601676/,0.31197721568661907
1715490557,https://www.linkedin.com/jobs/view/1715490557/,0.32540086765166715
1706390784,https://www.linkedin.com/jobs/view/1706390784/,0.3689790111052118
1722195540,https://www.linkedin.com/jobs/view/1722195540/,0.27567567120401665
1713620939,https://www.linkedin.com/jobs/view/1713620939/,0.26084927304987315
1713755914,https://www.linkedin.com/jobs/view/1713755914/,0.1418893230522111
1705135831,https://www.linkedin.com/jobs/view/1705135831/,0.23940985221125893
1701150791,https://www.linkedin.com/jobs/view/1701150791/,0.2171084285822533
1731531207,https://www.linkedin.com/jobs/view/1731531207/,0.26946953775934224
1730782175,https://www.linkedin.com/jobs/view/1730782175/,0.2351262065022113
1734170259,https://www.linkedin.com/jobs/view/1734170259/,0.31319551554733543
1655575947,https://www.linkedin.com/jobs/view/1655575947/,0.2891569120867488
1726166271,https://www.linkedin.com/jobs/view/1726166271/,0.35375283059546186
1693189612,https://www.linkedin.com/jobs/view/1693189612/,0.23513598624201495
1722787589,https://www.linkedin.com/jobs/view/1722787589/,0.20170057216412435
1723257450,https://www.linkedin.com/jobs/view/1723257450/,0.13970531573272302
1722169140,https://www.linkedin.com/jobs/view/1722169140/,0.2751710319140522
1705866461,https://www.linkedin.com/jobs/view/1705866461/,0.28631494191281864
1733540849,https://www.linkedin.com/jobs/view/1733540849/,0.12215328475633218
1734700081,https://www.linkedin.com/jobs/view/1734700081/,0.11701646596035817
1737788943,https://www.linkedin.com/jobs/view/1737788943/,0.3061386734395577
1684955927,https://www.linkedin.com/jobs/view/1684955927/,0.20939058895100499
1720537381,https://www.linkedin.com/jobs/view/1720537381/,0.1501883451690708
1689564529,https://www.linkedin.com/jobs/view/1689564529/,0.18347624699120096
1694238168,https://www.linkedin.com/jobs/view/1694238168/,0.24861543454620155
1706314442,https://www.linkedin.com/jobs/view/1706314442/,0.3217082660242064
1733290366,https://www.linkedin.com/jobs/view/1733290366/,0.10359564370568364
1714948192,https://www.linkedin.com/jobs/view/1714948192/,0.28159303656138707
1716110416,https://www.linkedin.com/jobs/view/1716110416/,0.2836172568534391
1725031427,https://www.linkedin.com/jobs/view/1725031427/,0.17323003533778092
1714280317,https://www.linkedin.com/jobs/view/1714280317/,0.19887996547842757
1715959417,https://www.linkedin.com/jobs/view/1715959417/,0.1446291631419789
1728569213,https://www.linkedin.com/jobs/view/1728569213/,0.28740694270851186
1701455985,https://www.linkedin.com/jobs/view/1701455985/,0.24439793992980177
1728448662,https://www.linkedin.com/jobs/view/1728448662/,0.22770182782389783
1715904341,https://www.linkedin.com/jobs/view/1715904341/,0.27880615233380435
1714072428,https://www.linkedin.com/jobs/view/1714072428/,0.23221560141199374
1720686065,https://www.linkedin.com/jobs/view/1720686065/,0.29629860645271433
1729753376,https://www.linkedin.com/jobs/view/1729753376/,0.16514712501769385
1705860822,https://www.linkedin.com/jobs/view/1705860822/,0.22387101028598386
1596163455,https://www.linkedin.com/jobs/view/1596163455/,0.12710377365916006
1685655704,https://www.linkedin.com/jobs/view/1685655704/,0.30383833489922185
1680228951,https://www.linkedin.com/jobs/view/1680228951/,0.21767084144667626
1737653500,https://www.linkedin.com/jobs/view/1737653500/,0.24263895762405305
1654769487,https://www.linkedin.com/jobs/view/1654769487/,0.22242121046868277
1733898749,https://www.linkedin.com/jobs/view/1733898749/,0.4158751308223555
1679783600,https://www.linkedin.com/jobs/view/1679783600/,0.22841715558450842
1733417820,https://www.linkedin.com/jobs/view/1733417820/,0.2945947298214395
1689807808,https://www.linkedin.com/jobs/view/1689807808/,0.27238328499797093
1704454581,https://www.linkedin.com/jobs/view/1704454581/,0.38048016595168554
1733881445,https://www.linkedin.com/jobs/view/1733881445/,0.25745264165946546
1733884259,https://www.linkedin.com/jobs/view/1733884259/,0.24098100794208965
1687319759,https://www.linkedin.com/jobs/view/1687319759/,0.29895709395967013
1712702262,https://www.linkedin.com/jobs/view/1712702262/,0.17384870906360705
1730811344,https://www.linkedin.com/jobs/view/1730811344/,0.2525391428470589
1734364199,https://www.linkedin.com/jobs/view/1734364199/,0.3223084215864739
1714060110,https://www.linkedin.com/jobs/view/1714060110/,0.21848391171908743
1686883526,https://www.linkedin.com/jobs/view/1686883526/,0.13382800868843645
1733277482,https://www.linkedin.com/jobs/view/1733277482/,0.30208003752877516
1724134687,https://www.linkedin.com/jobs/view/1724134687/,0.1503003088015132
1678113895,https://www.linkedin.com/jobs/view/1678113895/,0.24613016405353713
1735656727,https://www.linkedin.com/jobs/view/1735656727/,0.2382176876688792
1710094418,https://www.linkedin.com/jobs/view/1710094418/,0.2714654275547504
1700233883,https://www.linkedin.com/jobs/view/1700233883/,0.2586087218924577
1719872988,https://www.linkedin.com/jobs/view/1719872988/,0.13256567129658445
1700607028,https://www.linkedin.com/jobs/view/1700607028/,0.3281990404911186
1674695191,https://www.linkedin.com/jobs/view/1674695191/,0.2346275203719173
1727434032,https://www.linkedin.com/jobs/view/1727434032/,0.1719353721710166
1687701717,https://www.linkedin.com/jobs/view/1687701717/,0.13541921026411471
1704887661,https://www.linkedin.com/jobs/view/1704887661/,0.17780439981317
1719875132,https://www.linkedin.com/jobs/view/1719875132/,0.15539919557001997
1684583498,https://www.linkedin.com/jobs/view/1684583498/,0.2157935446600274
1731707999,https://www.linkedin.com/jobs/view/1731707999/,0.3421909171921532
1729739867,https://www.linkedin.com/jobs/view/1729739867/,0.18974506621157647
1730814650,https://www.linkedin.com/jobs/view/1730814650/,0.2329654435653962
1646121592,https://www.linkedin.com/jobs/view/1646121592/,0.30077224510897255
1716831496,https://www.linkedin.com/jobs/view/1716831496/,0.31031794486261177
1737196900,https://www.linkedin.com/jobs/view/1737196900/,0.24023620845254395
1716832071,https://www.linkedin.com/jobs/view/1716832071/,0.24153542690473465
1678823306,https://www.linkedin.com/jobs/view/1678823306/,0.3001152534952583
1688437442,https://www.linkedin.com/jobs/view/1688437442/,0.19173477440816286
1737660721,https://www.linkedin.com/jobs/view/1737660721/,0.1682654295669101
1727953636,https://www.linkedin.com/jobs/view/1727953636/,0.18807384297719734
1653443074,https://www.linkedin.com/jobs/view/1653443074/,0.19887756911821833
1722144075,https://www.linkedin.com/jobs/view/1722144075/,0.11384006740725938
1733894243,https://www.linkedin.com/jobs/view/1733894243/,0.15774784014375226
1688220146,https://www.linkedin.com/jobs/view/1688220146/,0.21166433364299944
1721241735,https://www.linkedin.com/jobs/view/1721241735/,0.2740489664945154
1692567444,https://www.linkedin.com/jobs/view/1692567444/,0.38621854072760886
1728623154,https://www.linkedin.com/jobs/view/1728623154/,0.166695998188695
1450386644,https://www.linkedin.com/jobs/view/1450386644/,0.14356552010298443
1735645998,https://www.linkedin.com/jobs/view/1735645998/,0.24674352850594305
1714769762,https://www.linkedin.com/jobs/view/1714769762/,0.1760146286861255
1691338526,https://www.linkedin.com/jobs/view/1691338526/,0.27630227629714926
1636787614,https://www.linkedin.com/jobs/view/1636787614/,0.20963002690933866
1704682943,https://www.linkedin.com/jobs/view/1704682943/,0.3168444745334292
1728882052,https://www.linkedin.com/jobs/view/1728882052/,0.15634841345099368
1728882973,https://www.linkedin.com/jobs/view/1728882973/,0.2695565189114631
1677066917,https://www.linkedin.com/jobs/view/1677066917/,0.2867214301953257
1736938151,https://www.linkedin.com/jobs/view/1736938151/,0.1577500401651556
1714598563,https://www.linkedin.com/jobs/view/1714598563/,0.24362342960111313
1470240251,https://www.linkedin.com/jobs/view/1470240251/,0.31784546098745103
1714400969,https://www.linkedin.com/jobs/view/1714400969/,0.3927472788554134
1737326085,https://www.linkedin.com/jobs/view/1737326085/,0.35232215132108197
1726551384,https://www.linkedin.com/jobs/view/1726551384/,0.35607099121089675
1734118965,https://www.linkedin.com/jobs/view/1734118965/,0.19895980900502036
1716813118,https://www.linkedin.com/jobs/view/1716813118/,0.2967203234884653
